,source,author,title,description,url,urlToImage,publishedAt,content
0,"{'id': 'the-verge', 'name': 'The Verge'}",Sam Byford,Apple removes app used by Hong Kong protestors after pressure from China,“This app violates our guidelines and local laws.”,https://www.theverge.com/2019/10/10/20907596/apple-hong-kong-protests-app-removed-china,https://cdn.vox-cdn.com/thumbor/CFq90vfORwtfdQoAh_WWfGh-Bc0=/0x146:2040x1214/fit-in/1200x630/cdn.vox-cdn.com/uploads/chorus_asset/file/19274659/DSCF7157.jpg,2019-10-10T04:32:15Z,"This app violates our guidelines and local laws.
Apple has removed HKmap.live, a crowdsourced mapping app used by Hong Kong protesters, from the App Store. The app and accompanying web service has been used to mark the locations of police and inform about st… [+2125 chars]"
1,"{'id': 'engadget', 'name': 'Engadget'}",Jessica Conditt,Blizzard is 'assessing the situation' after Hong Kong protest ban,"Blizzard is considering its options as players around the globe react to its decision to ban Hearthstone esports player Ng Wai Chung, known professionally as Blitzchung, after he voiced support for the protests in Hong Kong during a live post-match interview.…",https://www.engadget.com/2019/10/09/blizzard-hong-kong-ban-blitzchung-china-mei-protest-2019/,https://o.aolcdn.com/images/dims?thumbnail=1200%2C630&quality=80&image_uri=https%3A%2F%2Fo.aolcdn.com%2Fimages%2Fdims%3Fcrop%3D1390%252C664%252C209%252C0%26quality%3D85%26format%3Djpg%26resize%3D1600%252C764%26image_uri%3Dhttps%253A%252F%252Fs.yimg.com%252Fos%252Fcreatr-uploaded-images%252F2019-10%252F8f9b88f0-eac6-11e9-bde8-dfe314796d46%26client%3Da1acac3e1b3290917d92%26signature%3D3b3e09f983aa7fecb4579c74cb2b031b895067bf&client=amp-blogside-v2&signature=da80fad746f576917f72f711239c76062c04747a,2019-10-09T19:25:00Z,"[BREAKING] Hong Kong Hearthstone player @blitzchungHS calls for liberation of his country in post-game interview:https://t.co/3AgQAaPioj
@Matthieist#Hearthstonepic.twitter.com/DnaMSEaM4g
— Inven Global (@InvenGlobal) October 6, 2019
Blizzard is assessing t… [+3794 chars]"
2,"{'id': None, 'name': 'Gizmodo.com'}",Matt Novak,Viral Video Shows Hong Kong Police Shooting Teen Protester in the Chest,"Hong Kong Police shot a teen protester in the chest with live ammunition this morning, according to reports from journalists on the ground and a video that has gone viral on Facebook and Twitter. Video of the incident shows a Hong Kong police officer charging…",https://gizmodo.com/viral-video-shows-hong-kong-police-shooting-teen-protes-1838655638,"https://i.kinja-img.com/gawker-media/image/upload/s--CRX0XnoM--/c_fill,fl_progressive,g_center,h_900,q_80,w_1600/hocwjn44lwvgfjhmjsvs.jpg",2019-10-01T11:00:00Z,"Hong Kong Police shot a teen protester in the chest with live ammunition this morning, according to reports from journalists on the ground and a video that has gone viral on Facebook and Twitter. Video of the incident shows a Hong Kong police officer charging… [+2157 chars]"
3,"{'id': 'bbc-news', 'name': 'BBC News'}",https://www.facebook.com/bbcnews,Apple drops Hong Kong police-tracking app used by protesters,The company says the app has been used to target and ambush police and to threaten public safety.,https://www.bbc.co.uk/news/business-49995688,https://ichef.bbci.co.uk/news/1024/branded_news/C05F/production/_109174294_gettyimages-1174230916.jpg,2019-10-10T05:52:16Z,"Image copyrightGetty Images
Apple has removed an app that protesters in Hong Kong have used to track police movements and tear gas use, saying the app violated its rules. 
The company said the app, HKmap.live, had ""been used in ways that endanger law enforc… [+2304 chars]"
4,"{'id': 'cnn', 'name': 'CNN'}",,Hong Kong protesters clash with police for 17th week,"Protesters continue to clash with police for the 17th consecutive week, launching petrol bombs and bricks in clashes ahead of celebrations to mark the 70th anniversary of the People's Republic of China. CNN's Will Ripley reports live from Hong Kong.",https://www.cnn.com/videos/world/2019/09/29/hong-kong-protests-weekend-ripley-vpx.cnn,https://cdn.cnn.com/cnnnext/dam/assets/190929065145-hong-kong-protests-weekend-ripley-vpx-00011809-super-tease.jpg,2019-09-29T11:09:54Z,Chat with us in Facebook Messenger. Find out what's happening in the world as it unfolds.
5,"{'id': 'techcrunch', 'name': 'TechCrunch'}",Steve O'Hear,"Entrepreneur First, the ‘talent investor’, pulls out of Hong Kong","Entrepreneur First (EF), the Greylock-backed “talent investor” that recruits and backs individuals pre-team and pre-idea to enable them to found startups, is pulling out of Hong Kong, TechCrunch has learned. According to sources, the London HQ’d company build…",http://techcrunch.com/2019/10/15/ef-pulls-out-of-hong-kong/,https://techcrunch.com/wp-content/uploads/2019/01/ef.jpg?w=600,2019-10-15T15:58:34Z,"Entrepreneur First (EF), the Greylock-backed talent investor that recruits and backs individuals pre-team and pre-idea to enable them to found startups, is pulling out of Hong Kong, TechCrunch has learned.
According to sources, the London HQ’d company builde… [+2799 chars]"
6,"{'id': 'cnn', 'name': 'CNN'}",,Over 200 arrested as violence escalates in Hong Kong,Hong Kong police say a homemade explosive device was detonated near a police car as violence and vandalism escalated in the streets over the weekend. CNN's Will Ripley reports.,https://www.cnn.com/videos/world/2019/10/15/hong-kong-violence-police-arrest-protesters-ripley-pkg-intl-vpx.cnn,https://cdn.cnn.com/cnnnext/dam/assets/191014112547-04-hong-kong-unrest-1013-super-tease.jpg,2019-10-15T08:59:23Z,Chat with us in Facebook Messenger. Find out what's happening in the world as it unfolds.
7,"{'id': 'bbc-news', 'name': 'BBC News'}",https://www.facebook.com/bbcnews,China anniversary: Clashes as Hong Kong protesters defy police ban,"Thousands demonstrate against Chinese rule, and clashes with police break out at several locations.",https://www.bbc.co.uk/news/world-asia-china-49891403,https://ichef.bbci.co.uk/news/1024/branded_news/81A9/production/_109039133_mediaitem109037228.jpg,2019-10-01T09:17:14Z,"Image copyrightAFPImage caption
 Protesters have vowed to disrupt the anniversary celebrations
Thousands of people are demonstrating in Hong Kong in defiance of a protest ban for the 70th anniversary of Communist rule in China.
There have been clashes betw… [+2107 chars]"
8,"{'id': None, 'name': 'Gizmodo.com'}",Matt Novak,Apple Sells Out Pro-Democracy Protesters in Hong Kong to Appease Chinese Government,"Apple removed a smartphone app used by pro-democracy protesters in Hong Kong  late Wednesday in the tech giant’s latest capitulation to China’s authoritarian government. The app, HKmap.live, allowed users to see Hong Kong police movements via crowdsourced inf…",https://gizmodo.com/apple-sells-out-pro-democracy-protesters-in-hong-kong-t-1838932096,"https://i.kinja-img.com/gawker-media/image/upload/c_fill,f_auto,fl_progressive,g_center,h_675,pg_1,q_80,w_1200/myzpjgfdfpocnehninir.jpg",2019-10-10T11:00:00Z,"Apple removed a smartphone app used by pro-democracy protesters in Hong Kong late Wednesday in the tech giants latest capitulation to Chinas authoritarian government. The app, HKmap.live, allowed users to see Hong Kong police movements via crowdsourced inform… [+4466 chars]"
9,"{'id': None, 'name': 'Gizmodo.com'}",Matt Novak,Hong Kong Announces Ban on Masks and Face Paint That Helps Protesters Evade Facial Recognition,The Hong Kong government has banned masks and face paint in its latest attempt to stop the pro-democracy protests that have been raging since June. The new “emergency” order was announced by Hong Kong leader Carrie Lam at a press conference today and will go …,https://gizmodo.com/hong-kong-announces-ban-on-masks-and-face-paint-that-he-1838765030,"https://i.kinja-img.com/gawker-media/image/upload/s--nkRZTc8J--/c_fill,fl_progressive,g_center,h_900,q_80,w_1600/rfzxnem4fuf6x2zz2yli.jpg",2019-10-04T09:00:00Z,The Hong Kong government has banned masks and face paint in its latest attempt to stop the pro-democracy protests that have been raging since June. The new emergency order was announced by Hong Kong leader Carrie Lam at a press conference today and will go in… [+4094 chars]
10,"{'id': 'bbc-news', 'name': 'BBC News'}",https://www.facebook.com/bbcnews,Hong Kong transport system partially reopens,"Trains start running again, but a number of stations remain closed, with more protests expected.",https://www.bbc.co.uk/news/world-asia-china-49949548,https://ichef.bbci.co.uk/images/ic/1024x576/p07q6sxf.jpg,2019-10-06T01:47:35Z,"Media captionProtests resumed on Saturday after Friday's rioting
Hong Kong's transport operator MTR resumed metro service on Sunday morning, but some stations remain closed due to ""serious vandalism"". 
Services had been suspended on Saturday after stations … [+3255 chars]"
11,"{'id': 'techcrunch', 'name': 'TechCrunch'}",Anthony Ha,Daily Crunch: China pressures Apple,"The Daily Crunch is TechCrunch’s roundup of our biggest and most important stories. If you’d like to get this delivered to your inbox every day at around 9am Pacific, you can subscribe here. 1. China attacks Apple for allowing Hong Kong crowdsourced police ac…",http://techcrunch.com/2019/10/09/daily-crunch-china-pressures-apple/,https://techcrunch.com/wp-content/uploads/2018/05/gettyimages-913147778.jpg?w=600,2019-10-09T17:05:55Z,"The Daily Crunch is TechCrunch’s roundup of our biggest and most important stories. If you’d like to get this delivered to your inbox every day at around 9am Pacific, you can subscribe here.
1. China attacks Apple for allowing Hong Kong crowdsourced police a… [+2063 chars]"
12,"{'id': 'the-new-york-times', 'name': 'The New York Times'}","Chris Buckley, Mike Ives and Steven Lee Myers","Protests Erupt Across Hong Kong, Overshadowing Xi’s Big Parade",The contrast of National Day pageantry in Beijing versus anti-government mayhem in Hong Kong was almost certainly infuriating to President Xi Jinping.,https://www.nytimes.com/2019/10/01/world/asia/hong-kong-protest.html,https://static01.nyt.com/images/2019/10/01/world/01china-hk-1/01china-hk-1-facebookJumbo.jpg,2019-10-01T16:48:54Z,"Hong Kongs embattled chief executive, Carrie Lam, attended the parade, seated on the rostrum of the Tiananmen Gate with Mr. Xi, and former leaders, the members of the Communist Partys Standing Committee and other provincial leaders. Her critics in Hong Kong d… [+1309 chars]"
13,"{'id': 'the-new-york-times', 'name': 'The New York Times'}",Raymond Zhong and Tiffany May,"Hong Kong Police, Seen as ‘Hounds After Rabbits,’ Face Rising Rage",The shooting of a teenage protester has amplified anger at a police force that some see as a symbol of Beijing’s unchecked power.,https://www.nytimes.com/2019/10/03/world/asia/hong-kong-protests-police.html,https://static01.nyt.com/images/2019/10/02/world/02hk-police-2/02hk-police-2-facebookJumbo.jpg,2019-10-03T10:00:44Z,"Dont you dare lay a finger on those girls! yelled Mei Wong, a 60-year-old resident. You wont have a good afterlife if you do. 
In a sign of the strain on officers, one police group has called for the Hong Kong government to impose curfews or adopt other emer… [+1062 chars]"
14,"{'id': 'reuters', 'name': 'Reuters'}",Reuters Editorial,"Mainland Chinese army, police not part of Hong Kong police operations: Hong Kong government","China's mainland army and police are not part of Hong Kong police operations, the city's government said on Thursday, responding to rumors the People's Liberation Army (PLA) and mainland police were involved in trying to quell pro-democracy unrest.",https://www.reuters.com/article/us-hongkong-protests-pla-idUSKBN1WP1PH,https://s4.reutersmedia.net/resources_v2/images/rcom-default.png,2019-10-10T12:10:43Z,"HONG KONG (Reuters) - China’s mainland army and police are not part of Hong Kong police operations, the city’s government said on Thursday, responding to rumors the People’s Liberation Army (PLA) and mainland police were involved in trying to quell pro-democr… [+802 chars]"
15,"{'id': 'the-verge', 'name': 'The Verge'}",Nick Statt,Apple removes Quartz news app from the Chinese App Store over Hong Kong coverage,"Apple has removed US publication Quartz’s mobile news app from the Chinese version of its App Store over complaints from the country’s government. According to Quartz, this is due to the publication’s ongoing coverage of the Hong Kong protests, and the compan…",https://www.theverge.com/2019/10/9/20907228/apple-quartz-app-store-china-removal-hong-kong-protests-censorship,https://cdn.vox-cdn.com/thumbor/VkinbTV6ft2ALfdbTIm35iYqFNc=/0x430:6000x3571/fit-in/1200x630/cdn.vox-cdn.com/uploads/chorus_asset/file/19274081/1174670988.jpg.jpg,2019-10-10T01:00:07Z,"Quartz says its website has also been banned in mainland China
Photo by Anthony Kwan/Getty Images
News organization Quartz tells The Verge that Apple has removed its mobile app from the Chinese version of its App Store after complaints from the Chinese gove… [+4565 chars]"
16,"{'id': 'mashable', 'name': 'Mashable'}",Stan Schroeder,Tim Cook on Hong Kong protest app removal: We did it to protect our users,"Apple has received a fair amount of backlash over its decision to ban an app that allows Hong Kong protesters to track the location of police, ambulance, road closures, tear gas, and other information about the city. Now, in an internal memo seen by Reuters, …",https://mashable.com/article/tim-cook-hong-kong-app/,https://mondrian.mashable.com/2019%252F10%252F11%252F52%252F215904578bdd44b5908afda839c6e4d5.a8d23.jpg%252F1200x630.jpg?signature=e8VHOGJWMVa8Mv_thgPBJ2vqHf8=,2019-10-11T11:01:39Z,"Apple has received a fair amount of backlash over its decision to ban an app that allows Hong Kong protesters to track the location of police, ambulance, road closures, tear gas, and other information about the city. 
Now, in an internal memo seen by Reuters… [+1655 chars]"
17,"{'id': 'mashable', 'name': 'Mashable'}",Haidee Chu,Apple banned his Hong Kong protest app from the App Store. Now he wants answers.,"An app that tracks police and protests in Hong Kong has been banned — and its creator wants to know why. HKMap Live crowdsources information — locations of police and ambulance presence, tear gas, water cannons, illegal protests, etc. — from users in real tim…",https://mashable.com/article/apple-rejects-hongkong-protest-app/,https://mondrian.mashable.com/2019%252F10%252F03%252Fca%252F0215276bb68c4e2d927d053db53e9679.a0d5b.jpg%252F1200x630.jpg?signature=pHT1-fxCrZhadd_orfLAWoCQadw=,2019-10-03T21:36:29Z,"An app that tracks police and protests in Hong Kong has been banned and its creator wants to know why.
HKMap Live crowdsources information locations of police and ambulance presence, tear gas, water cannons, illegal protests, etc. from users in real time to … [+3083 chars]"
18,"{'id': 'the-new-york-times', 'name': 'The New York Times'}",Austin Ramzy,Hong Kong Protesters Plan to March Despite Attacks and Police Ban,"The Sunday demonstration, which follows 20 weeks of antigovernment protests, will be a test of the movement’s strength amid increasing violence",https://www.nytimes.com/2019/10/20/world/asia/hong-kong-protests.html,https://static01.nyt.com/images/2019/10/20/video/HongKong_LastLetters/HongKong_LastLetters-facebookJumbo.jpg,2019-10-20T04:03:14Z,"It is time for Hong Kong people to speak out, Mr. Chan said Saturday. When we can gather enough people, we will be safe and we will be able to exert pressure to the government. But if we dont come out tomorrow, then violence will prevail and escalate: the vio… [+718 chars]"
19,"{'id': 'the-new-york-times', 'name': 'The New York Times'}",Austin Ramzy,Hong Kong Frees Murder Suspect Whose Case Led to Protests,"The extradition bill that ignited the city’s crisis was meant to address the case of Chan Tong-kai, who is wanted in Taiwan. He says he will surrender there.",https://www.nytimes.com/2019/10/22/world/asia/hong-kong-extradition.html,https://static01.nyt.com/images/2019/10/23/world/23hongkong1/23hongkong1-facebookJumbo.jpg,2019-10-23T02:04:29Z,"China claims Taiwan is part of its territory, and Hong Kong, a semiautonomous region of China, is wary of any arrangement that would seem to confer recognition on Taiwans government. Taiwanese officials, for their part, have complained about a lack of coopera… [+1357 chars]"
20,"{'id': 'reuters', 'name': 'Reuters'}",Reuters Editorial,"Hong Kong protesters block traffic, taunt police","Hong Kong protesters blocked a key road next to the Hong Kong headquarters of China's People's Liberation Army on Saturday, just yards from a peaceful pro-democracy rally.",https://www.reuters.com/article/us-hongkong-protests-helicopter-idUSKBN1WD0CG,https://s1.reutersmedia.net/resources/r/?m=02&d=20190928&t=2&i=1434867603&w=1200&r=LYNXMPEF8R0CA,2019-09-28T11:58:54Z,"HONG KONG (Reuters) - Hong Kong protesters blocked a key road next to the Hong Kong headquarters of China’s People’s Liberation Army on Saturday, just yards from a peaceful pro-democracy rally. 
They were shouting obscenities at police, daubing anti-governme… [+190 chars]"
21,"{'id': 'cnn', 'name': 'CNN'}",,Watch police fire tear gas at protesters,"Protesters continue to clash with police for the 17th consecutive week, launching petrol bombs and bricks in clashes ahead of celebrations to mark the 70th anniversary of the People's Republic of China. CNN's Will Ripley reports live from Hong Kong.",https://www.cnn.com/videos/world/2019/10/01/hong-kong-protests-police-teargas-anniversary-china-ripley-vpx.cnn,https://cdn.cnn.com/cnnnext/dam/assets/191001045845-hong-kong-super-tease.jpg,2019-10-01T09:17:34Z,Chat with us in Facebook Messenger. Find out what's happening in the world as it unfolds.
22,"{'id': 'cnn', 'name': 'CNN'}","Jordan Valinsky, CNN Business",Apple CEO defends removing an app used by Hong Kong protesters,"In the latest struggle for an American company to navigate the tricky waters of doing business in China, Apple CEO Tim Cook defended his company's decision to pull a map app that Hong Kong protesters had used to track police.",https://www.cnn.com/2019/10/11/tech/apple-tim-cook-letter-hkmap-live/index.html,https://cdn.cnn.com/cnnnext/dam/assets/191011072236-tim-cook-file-190712-super-tease.jpg,2019-10-11T13:08:36Z,
23,"{'id': 'cnn', 'name': 'CNN'}","Helen Regan, CNN",Hong Kong protest organizer attacked with hammers and knives,The leader of one of Hong Kong's most prominent pro-democracy groups was hospitalized Wednesday evening after being attacked by a group of men wielding hammers and knives.,https://www.cnn.com/2019/10/16/asia/hong-kong-jimmy-sham-attack-intl-hnk/index.html,https://cdn.cnn.com/cnnnext/dam/assets/191017103644-jimmy-sham-super-tease.jpg,2019-10-17T03:37:47Z,"Hong Kong (CNN)The leader of one of Hong Kong's most prominent pro-democracy groups was hospitalized Wednesday evening after being attacked by a group of men wielding hammers and knives.
Jimmy Sham, convenor of the Civil Human Rights Front (CHRF), which has … [+3512 chars]"
24,"{'id': 'techcrunch', 'name': 'TechCrunch'}",Jonathan Shieber,"Apple’s China stance makes for strange political alliances, as AOC and Ted Cruz slam the company","In a rare instance of bipartisanship overcoming the rancorous discord that’s been the hallmark of the U.S. Congress, senators and sepresentatives issued a scathing rebuke to Apple for its decision to take down an app at the request of the Chinese government. …",http://techcrunch.com/2019/10/18/apples-china-stance-makes-for-strange-political-alliances-as-aoc-and-ted-cruz-slam-the-company/,https://techcrunch.com/wp-content/uploads/2019/10/GettyImages-1077095122.jpg?w=589,2019-10-19T00:26:35Z,"In a rare instance of bipartisanship overcoming the rancorous discord that’s been the hallmark of the U.S. Congress, senators and sepresentatives issued a scathing rebuke to Apple for its decision to take down an app at the request of the Chinese government.… [+3202 chars]"
25,"{'id': None, 'name': 'Gizmodo.com'}",Jennings Brown,"Tim Cook Explains Why Apple Sold Out Hong Kong Protestors, Doubles Down",Apple CEO Tim Cook has explained why his company decided to succumb to China’s pressure and remove an app that was being used by Honk Kong pro-democracy protestors. Read more...,https://gizmodo.com/tim-cook-explains-why-apple-sold-out-hong-kong-protesto-1838953131,"https://i.kinja-img.com/gawker-media/image/upload/c_fill,f_auto,fl_progressive,g_center,h_675,pg_1,q_80,w_1200/avhngw8tri8yy7ro6zrc.jpg",2019-10-10T22:06:00Z,"Apple CEO Tim Cook has explained why his company decided to succumb to Chinas pressure and remove an app that was being used by Honk Kong pro-democracy protestors. 
Protesters had been using the HKmap.live app to monitor police movement based on crowdsourced… [+2780 chars]"
26,"{'id': 'bbc-news', 'name': 'BBC News'}",https://www.facebook.com/bbcnews,The murder behind the Hong Kong protests: A case where no one wants the killer,Chan Tong-kai's alleged crime and attempted extradition sparked months of protests in Hong Kong.,https://www.bbc.co.uk/news/world-asia-china-50148577,https://ichef.bbci.co.uk/news/1024/branded_news/1522D/production/_109337568_971a946d-8212-41be-9c34-f5b1443dab05.jpg,2019-10-23T10:09:37Z,"Image copyrightFacebookImage caption
 Poon Hiu-wing was murdered out of jealousy
On 17 February last year, a young Hong Kong couple's holiday in Taiwan went terribly wrong.
The night before they were due to leave, the couple bought a large pink suitcase at… [+7157 chars]"
27,"{'id': 'the-new-york-times', 'name': 'The New York Times'}",Javier C. Hernández,Hong Kong Leader’s Annual Speech Is Disrupted by Jeering Lawmakers,"Carrie Lam, the chief executive, retreated twice from the Legislative Council podium as pro-democracy lawmakers shouted and demanded her resignation.",https://www.nytimes.com/2019/10/16/world/asia/hong-kong-protests-carrie-lam.html,https://static01.nyt.com/images/2019/10/16/world/16hk-lam1-sub/16hk-lam1-sub-facebookJumbo.jpg,2019-10-16T04:10:49Z,"On July 1, the anniversary of Hong Kongs return to Chinese rule, demonstrators besieged and smashed their way into the offices, then defaced the room in which Mrs. Lam tried to speak on Wednesday. The protests, which began in June in opposition to a contentio… [+1818 chars]"
28,"{'id': 'bbc-news', 'name': 'BBC News'}",https://www.facebook.com/bbcnews,Hong Kong protests: Authorities to announce face mask ban,Authorities plan to invoke emergency powers on Friday to impose the ban at public gatherings.,https://www.bbc.co.uk/news/world-asia-china-49918889,https://ichef.bbci.co.uk/news/1024/branded_news/1930/production/_109084460_gettyimages-1173037961.jpg,2019-10-03T10:10:13Z,"Image copyrightGetty Images
Hong Kong's government is set to announce ban on wearing face masks at public gatherings, local media report. 
Officials plan to use emergency legislation dating from the colonial era to invoke the measure, aimed at quelling anti… [+2985 chars]"
29,"{'id': 'bbc-news', 'name': 'BBC News'}",https://www.facebook.com/bbcnews,Hong Kong releases murder suspect who sparked protest crisis,"Chan Tong-kai's case led to plans for changes to extradition law, triggering broad anti-government protests.",https://www.bbc.co.uk/news/world-asia-china-50148569,https://ichef.bbci.co.uk/news/1024/branded_news/FE1D/production/_109335056_hi057486695.jpg,2019-10-23T02:19:11Z,"Image copyrightReutersImage caption
 Chan Tong-kai says he is now willing to face charges in Taiwan
Hong Kong has released from prison the murder suspect whose case triggered the city's mass protests and led to a diplomatic row.
Chan Tong-kai, 20, is accus… [+1414 chars]"
30,"{'id': 'mashable', 'name': 'Mashable'}",Natasha Pinon,Here's a growing list of companies bowing to China censorship pressure,"While the spotlight has been shining brightly on the NBA for its handling of a critical tweet about China's response to pro-democracy protests in Hong Kong, the NBA isn't alone. Major global companies have been bowing to both direct and indirect pressure from…",https://mashable.com/article/china-censorship-companies-hong-kong-protests-nba/,https://mondrian.mashable.com/2019%252F10%252F10%252F24%252Fd2a4b71959a842c894c4b0fcaf521166.78282.jpg%252F1200x630.jpg?signature=2Lbi60KPmldN5xvkaTvowpq1FMQ=,2019-10-10T22:48:39Z,"While the spotlight has been shining brightly on the NBA for its handling of a critical tweet about China's response to pro-democracy protests in Hong Kong, the NBA isn't alone. Major global companies have been bowing to both direct and indirect pressure from… [+5538 chars]"
31,"{'id': None, 'name': 'Businessmirror.com.ph'}",https://www.facebook.com/BusinessMirror/,Police officer slashed in neck as violence in Hong Kong escalates - Bloomberg News - Business Mirror,Police officer slashed in neck as violence in Hong Kong escalates - Bloomberg News Business Mirror Hong Kong gears up for pro-democracy rally after latest weekend of unrest ABS-CBN News Hong Kong news outlet driver allegedly shot by police during weekend prot…,https://businessmirror.com.ph/2019/10/15/police-officer-slashed-in-neck-as-violence-in-hong-kong-escalates/,https://businessmirror.com.ph/wp-content/uploads/2019/10/11598552-3x2-700x467.jpg,2019-10-14T16:05:35Z,"A Hong Kong police officer was slashed in the neck by a protester on Sunday as clashes continued following an escalation of violence earlier this month in demonstrations that began in June.
Demonstrators spread out across 18 districts
on Sunday in scattered… [+4681 chars]"
32,"{'id': 'reuters', 'name': 'Reuters'}",Reuters Editorial,Hong Kong police association to build retirement property for staff in mainland China,"A Hong Kong police association has told its members it is in talks with Chinese property developer Agile Group <3383.HK> to develop a ""Hong Kong City"" in southern China for their retirement, according to a letter seen by Reuters.",https://www.reuters.com/article/us-hongkong-protests-police-idUSKBN1WX0N0,https://s3.reutersmedia.net/resources/r/?m=02&d=20191018&t=2&i=1442188971&w=1200&r=LYNXMPEF9H0EP,2019-10-18T07:00:33Z,"HONG KONG (Reuters) - A Hong Kong police association has told its members it is in talks with Chinese property developer Agile Group (3383.HK) to develop a “Hong Kong City” in southern China for their retirement, according to a letter seen by Reuters. 
The l… [+2098 chars]"
33,"{'id': 'the-new-york-times', 'name': 'The New York Times'}",The Editorial Board,Cheers in Beijing Can’t Drown Out the Protesters in Hong Kong,"As President Xi celebrates 70 years of Communist rule, a democratic enclave resists.",https://www.nytimes.com/2019/10/01/opinion/hong-kong-china.html,https://static01.nyt.com/images/2019/10/02/opinion/01chinaWeb/01chinaWeb-facebookJumbo.jpg,2019-10-02T00:34:44Z,"That some protesters have resorted to violence, including firebombs and bats, can only be condemned, as must be the excessive force of the police. The demonstrations had, and have, far greater power when they are peaceful.
That is one message liberal democra… [+823 chars]"
34,"{'id': 'the-new-york-times', 'name': 'The New York Times'}",Russell Goldman and Tiffany May,Homemade Bomb Detonated for First Time in Hong Kong Protests,"The explosive device, set off with a mobile phone, indicated an escalation in the street-level arms race between police officers and the protesters.",https://www.nytimes.com/2019/10/14/world/asia/hong-kong-bomb-ied.html,https://static01.nyt.com/images/2019/10/14/world/14hk-bomb/14hk-bomb-facebookJumbo.jpg,2019-10-14T10:21:25Z,"These people doing violent acts are not protesters. They are indeed rioters and criminals that are destroying our rule of law, Mr. Tang said. Whatever causes they claim they are fighting for can never justify such triad-like behavior, he added, referring to o… [+896 chars]"
35,"{'id': 'reuters', 'name': 'Reuters'}",Felix Tam,Hong Kong teen shot by police was 'rioting': prosecutor,"The 18-year-old protester shot in the chest by Hong Kong police this week was throwing bricks and ""rioting"" at the time he was wounded, a prosecutor told a court packed with his supporters on Friday.",https://www.reuters.com/article/us-hongkong-protests-student-idUSKBN1WJ0T9,https://s4.reutersmedia.net/resources/r/?m=02&d=20191004&t=2&i=1436953807&w=1200&r=LYNXMPEF930LX,2019-10-04T08:18:36Z,"YANGON (Reuters) - The 18-year-old protester shot in the chest by Hong Kong police this week was throwing bricks and “rioting” at the time he was wounded, a prosecutor told a court packed with his supporters on Friday. 
Tsang Chi-kin, also known as Tony Tsan… [+1726 chars]"
36,"{'id': 'reuters', 'name': 'Reuters'}",Reuters Editorial,Hong Kong police fire tear gas as protesters gather,"Hong Kong police fired tear gas as a few hundred protesters gather outside Prince Edward metro station in the Mongkok district, a focal point for demonstrations, a Reuters witness said on Monday.",https://www.reuters.com/article/us-hongkong-protests-teargas-idUSKBN1WM18E,https://s4.reutersmedia.net/resources_v2/images/rcom-default.png,2019-10-07T11:56:50Z,"HONG KONG (Reuters) - Hong Kong police fired tear gas as a few hundred protesters gather outside Prince Edward metro station in the Mongkok district, a focal point for demonstrations, a Reuters witness said on Monday. 
Hundreds of protesters gathered in Hong… [+549 chars]"
37,"{'id': 'reuters', 'name': 'Reuters'}",Reuters Editorial,Hong Kong police fire pepper spray to break up protests,Hong Kong police fired pepper spray on Sunday to break up protesters in the Causeway Bay shopping district ahead of a series of planned anti-government demonstrations two days before China's National Day.,https://www.reuters.com/article/us-hongkong-protests-pepperspray-idUSKBN1WE04K,https://s1.reutersmedia.net/resources/r/?m=02&d=20190929&t=2&i=1435108154&w=1200&r=LYNXMPEF8S040,2019-09-29T06:28:08Z,"(Reuters) - Hong Kong police fired pepper spray on Sunday to break up protesters in the Causeway Bay shopping district ahead of a series of planned anti-government demonstrations two days before China’s National Day. 
Writing by Nick Macfie; Editing by Kim C… [+5 chars]"
38,"{'id': 'the-new-york-times', 'name': 'The New York Times'}",Andrew Jacobs,A Provocateur of the Hong Kong Protests Gains Growing Stature,"In a city roiled by political animus, Junius Ho, a pro-Beijing lawmaker, is gleefully fueling the divide by praising the police and demonizing the protesters.",https://www.nytimes.com/2019/10/05/world/asia/hong-kong-protests-junius-ho.html,https://static01.nyt.com/images/2019/10/06/world/05juniusho-1/00juniusho-1-facebookJumbo.jpg,2019-10-05T13:58:00Z,"Among those Mr. Ho thanked after his victory was the central liaison office, the Chinese government headquarters in Hong Kong.
During a recent visit to Tai Wan Tsuen, an indigenous village adjacent to the station where the July attacks took place, many peopl… [+1625 chars]"
39,"{'id': None, 'name': 'Straitstimes.com'}",ELIZABETH LAW,Hong Kong police fire tear gas as thousands march in protest against mask ban - The Straits Times,Hong Kong police fire tear gas as thousands march in protest against mask ban The Straits Times Hong Kong braces for more protests as lawmakers go to court ABS-CBN News Hong Kong lawmakers challenge mask ban as protests persist INQUIRER.net Hong Kong's gun-to…,https://www.straitstimes.com/asia/east-asia/hong-kong-police-fire-tear-gas-at-protesters-who-return-to-the-streets-over-new-anti,https://www.straitstimes.com/sites/default/files/media-youtube/fjDT27sMKJ4.jpg,2019-10-06T08:52:21Z,"HONG KONG - Police have fired multiple volleys of tear gas in several locations on Hong Kong Island and in Kowloon on Sunday (Oct 6) to disperse protesters, as thousands took to the streets to protest against a new law that bans face masks during demonstratio… [+9056 chars]"
40,"{'id': 'the-wall-street-journal', 'name': 'The Wall Street Journal'}","Joyu Wang, Wenxin Fan, Jing Yang","Hong Kong Student Shot by Police Is ‘The Bravest Type,’ Cousin Says - Wall Street Journal","Hong Kong Student Shot by Police Is ‘The Bravest Type,’ Cousin Says Wall Street Journal Hong Kong protester shot in the chest by police during clashes Al Jazeera English Protester Reported Shot As Hong Kong Marks China's National Day With Widespread Unrest | …",https://www.wsj.com/articles/student-shot-by-police-in-hong-kong-protest-is-the-bravest-type-cousin-says-11569958133,https://images.wsj.net/im-112627/social,2019-10-02T06:59:00Z,"HONG KONGThe high-school student shot in the chest by police during a street battle on Tuesday is a seasoned protester who is never afraid to speak his mind and would put his words into action, according to a cousin. 
Tsang Chi-kin, 
18 years old, became th… [+5450 chars]"
41,"{'id': None, 'name': 'Gizmodo.com'}",Dell Cameron,Digital Activists Take Aim at Video Game Companies Over China Censorship,A leading U.S. digital rights organization is joining the battle against top video game companies that might seek to censor gamers for expressing support for Hong Kongers who’ve been protesting Chinese influence over the past 27 weeks. Read more...,https://gizmodo.com/digital-activists-take-aim-at-video-game-companies-over-1838952179,"https://i.kinja-img.com/gawker-media/image/upload/c_fill,f_auto,fl_progressive,g_center,h_675,pg_1,q_80,w_1200/uq1ulgocjxhaggravqwi.png",2019-10-10T21:30:00Z,"A leading U.S. digital rights organization is joining the battle against top video game companies that might seek to censor gamers for expressing support for Hong Kongers whove been protesting Chinese influence over the past 27 weeks.
On Thursday, Fight for … [+3401 chars]"
42,"{'id': 'cnn', 'name': 'CNN'}",Jessie Yeung,Vans faces Hong Kong boycott over sneaker design controversy,Skateboarding brand Vans is facing a boycott in Hong Kong after it removed a shoe alluding to the city's anti-government protests from a sneaker design competition.,https://www.cnn.com/style/article/vans-hong-kong-intl-hnk-scli/index.html,http://cdn.cnn.com/cnnnext/dam/assets/191007151606-01-vans-hong-kong-super-tease.jpg,2019-10-07T09:10:36Z,"Skateboarding brand Vans is facing a boycott in Hong Kong after it removed a shoe alluding to the city's anti-government protests from a sneaker design competition.
The company's decision to withdraw the proposed design was met with outrage on social media, … [+3893 chars]"
43,"{'id': 'reuters', 'name': 'Reuters'}",Reuters Editorial,Key dates in Hong Kong's protests,"A young demonstrator was shot and police fired tear gas and water cannon at petrol-bomb throwing protesters, as violence flared in Hong Kong as the city's Chinese rulers celebrated the 70th anniversary of the founding of the People's Republic.",https://www.reuters.com/article/us-china-anniversary-timeline-idUSKBN1WG3XO,https://s2.reutersmedia.net/resources/r/?m=02&d=20191001&t=2&i=1435892118&w=1200&r=LYNXMPEF902UH,2019-10-01T12:56:38Z,"HONG KONG (Reuters) - A young demonstrator was shot and police fired tear gas and water cannon at petrol-bomb throwing protesters, as violence flared in Hong Kong as the city’s Chinese rulers celebrated the 70th anniversary of the founding of the People’s Rep… [+4915 chars]"
44,"{'id': 'reuters', 'name': 'Reuters'}",Reuters Editorial,Hong Kong police fire tear gas as protesters defy emergency law,"Hong Kong police fired tear gas on Sunday as protesters defied an emergency law and marched wearing masks through the Chinese-controlled city, witnesses said.",https://www.reuters.com/article/us-hongkong-protest-teargas-idUSKCN1WL03N,https://s3.reutersmedia.net/resources/r/?m=02&d=20191006&t=2&i=1437647186&w=1200&r=LYNXNPEF9505K,2019-10-06T08:02:29Z,"HONG KONG (Reuters) - Hong Kong police fired tear gas on Sunday as protesters defied an emergency law and marched wearing masks through the Chinese-controlled city, witnesses said. 
There was no obvious reason for the tear gas, as the rally at Pacific Place … [+455 chars]"
45,"{'id': 'reuters', 'name': 'Reuters'}",Reuters Editorial,UK says use of live ammunition in Hong Kong is disproportionate,"Britain's Foreign Secretary Dominic Raab said on Tuesday that the use of live ammunition by Hong Kong police was disproportionate, after a teenage demonstrator was shot.",https://www.reuters.com/article/us-china-anniversary-hongkong-britain-idUSKBN1WG41B,https://s4.reutersmedia.net/resources_v2/images/rcom-default.png,2019-10-01T13:49:02Z,"LONDON (Reuters) - Britain’s Foreign Secretary Dominic Raab said on Tuesday that the use of live ammunition by Hong Kong police was disproportionate, after a teenage demonstrator was shot. 
“Whilst there is no excuse for violence, the use of live ammunition … [+400 chars]"
46,"{'id': None, 'name': 'Abs-cbn.com'}","Poppy McPherson and Felix Tam, Reuters","Amid gleaming skyscrapers, Hong Kong's poor set aside hardships and join protests - ABS-CBN News","Amid gleaming skyscrapers, Hong Kong's poor set aside hardships and join protests ABS-CBN News Hong Kong police fire tear gas at protesters in shopping district Rappler Hong Kong leads global 'anti-China' rallies ahead of 70th anniversary ABS-CBN News Hong Ko…",https://news.abs-cbn.com/overseas/09/30/19/amid-gleaming-skyscrapers-hong-kongs-poor-set-aside-hardships-and-join-protests,https://sa.kapamilya.com/absnews/abscbnnews/media/2019/reuters/09/30/hk.jpg,2019-09-30T01:48:00Z,"HONG KONG - Just before midnight in Hong Kong's Mong Kok district, a slight man in his seventies peels away from a crowd of protesters jeering at police. Behind him, a young woman calls out, ""Be safe!""
They make an improbable pair: she a smartly dressed 24-y… [+6578 chars]"
47,"{'id': 'the-new-york-times', 'name': 'The New York Times'}",Alan Leong Kah-kit,Hong Kong’s Mask Ban Reveals Carrie Lam’s True Face,The city’s leader announced an emergency law to restore order. It was a deliberate provocation.,https://www.nytimes.com/2019/10/07/opinion/hong-kong-mask-protest.html,https://static01.nyt.com/images/2019/10/07/opinion/07leongSUB/07leongSUB-facebookJumbo.jpg,2019-10-07T06:06:27Z,"President Xi Jinping might well have given her the marching order. The Chinese Communist Party (C.C.P.) is haunted by the images of millions of peaceful marchers taking to the streets of Hong Kong to demand the freedom, the human rights protection, the rule o… [+2693 chars]"
48,"{'id': None, 'name': 'Youtube.com'}",,Hong Kong divided over unrest amid mass protests - Al Jazeera English,"Hong Kong divided over unrest amid mass protests Al Jazeera English Hong Kong Police Shot a Protester at Point-Blank Range, Here's What Happened | Visual Investigations The New York Times Man shot with live round in major escalation of Hong Kong protests CNN …",https://www.youtube.com/watch?v=auB-SLyA_Fc,,2019-10-02T13:47:48Z,"[[getSimpleString(data.title)]]
[[getSimpleString(data.description)]]
[[getSimpleString(data.videoCountText)]]"
49,"{'id': 'the-globe-and-mail', 'name': 'The Globe And Mail'}",,Hong Kong leader Carrie Lam offers big spending amid continued protests - The Globe and Mail,Hong Kong leader Carrie Lam offers big spending amid continued protests The Globe and Mail Chaos as Hong Kong lawmakers thwart leader's annual address CBC.ca Pro-democracy lawmakers cause chaos as Hong Kong leader delivers annual address Global News Why China…,https://www.theglobeandmail.com/world/article-hong-kong-leader-offers-big-spending-amid-continued-protests/,https://www.theglobeandmail.com/resizer/7Yk-3GVMY_m33LswKaFPl1Feqws=/1200x0/filters:quality(80)/arc-anglerfish-tgam-prod-tgam.s3.amazonaws.com/public/YY4JIWUBCVBEVNDWUFDWTGRYYQ.jpg,2019-10-16T04:32:04Z,"Hong Kong's Chief Executive Carrie Lam speaks at a news conference in Hong Kong, on Oct. 16, 2019, after she tried twice to begin her annual policy address inside the city's legislature. 
ANTHONY WALLACE/AFP/Getty Images
Hong Kongs top political leader has … [+5975 chars]"
50,"{'id': 'reuters', 'name': 'Reuters'}",Reuters Editorial,Hong Kong police change guidelines on use of force in protests,"Hong Kong police loosened guidelines on their use of force in the run-up to demonstrations on Oct. 1, giving them greater power to deal with protesters in difficult situations, according to police documents seen by Reuters.",https://www.reuters.com/article/us-hongkong-protests-police-idUSKBN1WJ0MB,https://s4.reutersmedia.net/resources/r/?m=02&d=20191004&t=2&i=1436931778&w=1200&r=LYNXMPEF930FV,2019-10-04T06:55:39Z,"HONG KONG (Reuters) - Hong Kong police loosened guidelines on their use of force in the run-up to demonstrations on Oct. 1, giving them greater power to deal with protesters in difficult situations, according to police documents seen by Reuters. 
On Tuesday,… [+1077 chars]"
51,"{'id': None, 'name': 'Straitstimes.com'}",CLAIRE HUANG,Thousands march in Hong Kong protest despite ban on face masks and city in lockdown - The Straits Times,"Thousands march in Hong Kong protest despite ban on face masks and city in lockdown The Straits Times Hong Kong metro stays shut after night of violent protests ABS-CBN News Hong Kong suspends trains, again rallies after 'dark day' INQUIRER.net China is wreck…",https://www.straitstimes.com/asia/east-asia/thousands-march-in-hong-kong-despite-ban-on-face-masks-and-the-city-in-lockdown,https://www.straitstimes.com/sites/default/files/media-youtube/95HZVvrE8-E.jpg,2019-10-05T08:32:59Z,"HONG KONG - Even with the city in lockdown mode, thousands in face masks marched on Saturday (Oct 5) from the busy shopping district of Causeway Bay to Central, holding banners and chanting slogans, openly defying the face-mask ban which took effect on the sa… [+4128 chars]"
52,"{'id': None, 'name': 'Thesun.co.uk'}",Tom Michael,Moment raging Hong Kong protesters beat taxi driver to a bloody pulp after he ploughed into demonstrators - The Sun,"Moment raging Hong Kong protesters beat taxi driver to a bloody pulp after he ploughed into demonstrators The Sun Police, protesters clash as bid to block Hong Kong mask ban fails Global News China's military issues warning to protesters as laser light hits H…",http://www.thesun.co.uk/news/10079887/hong-kong-protesters-beat-taxi-driver/,https://www.thesun.co.uk/wp-content/uploads/2019/10/AD-COMPOSITE-HK-Cabbie.jpg?strip=all&quality=100&w=1200&h=800&crop=1,2019-10-07T09:45:00Z,"SHOCKING footage shows Hong Kong protesters battering a cabbie after he ploughed his car into a crowd of demonstrators.
The brutal scene was filmed yesterday in the central Sham Shui Po district as the protests become increasingly violent.
 A cabbie is batt… [+4619 chars]"
53,"{'id': None, 'name': 'Bbc.com'}",https://www.facebook.com/bbcnews,Few convinced by Apple's case for Hong Kong app removal - BBC News,Few convinced by Apple's case for Hong Kong app removal BBC News Apple removes app used by Hong Kong protesters to track police movements CNN Apple CEO Tim Cook defends removal of Hong Kong mapping app in email to employees The Verge The dirty secret of Hong …,https://www.bbc.com/news/technology-50009971,https://ichef.bbci.co.uk/news/1024/branded_news/1A2A/production/_109189660_whatsubject.jpg,2019-10-11T02:06:16Z,"Image copyrightGetty ImagesImage caption
 Apple said it had credible information that the hkmap.live app was putting people in danger
As if piling up sandbags before a flood, Apple was well prepared to face backlash over its decision to remove an app used b… [+5954 chars]"
54,"{'id': 'reuters', 'name': 'Reuters'}",Reuters Editorial,Hong Kong medics join anti-government protests to 'resist tyranny',"Hong Kong medical workers plan to rally in the heart of the city's financial center on Saturday, angry at perceived police brutality during more than four months of sometimes violent anti-government protests.",https://www.reuters.com/article/us-hongkong-protests-idUSKBN1X500V,https://s3.reutersmedia.net/resources/r/?m=02&d=20191026&t=2&i=1445046063&w=1200&r=LYNXMPEF9P01N,2019-10-26T01:11:35Z,"HONG KONG (Reuters) - Hong Kong medical workers plan to rally in the heart of the city’s financial center on Saturday, angry at perceived police brutality during more than four months of sometimes violent anti-government protests. 
Pro-democracy activists ha… [+827 chars]"
55,"{'id': 'reuters', 'name': 'Reuters'}",Reuters Editorial,"Hong Kong to introduce anti-mask law, effective midnight: media","Hong Kong leader Carrie Lam will hold a news conference on Friday, a police spokesman said, as media reported the government was expected to announce a ban on face masks at public rallies, effective from midnight.",https://www.reuters.com/article/us-hongkong-protests-masks-idUSKBN1WJ0I6,https://s4.reutersmedia.net/resources_v2/images/rcom-default.png,2019-10-04T05:46:20Z,"HONG KONG (Reuters) - Hong Kong leader Carrie Lam will hold a news conference on Friday, a police spokesman said, as media reported the government was expected to announce a ban on face masks at public rallies, effective from midnight. 
Two sources told Reut… [+263 chars]"
56,"{'id': None, 'name': 'Globalnews.ca'}",Kelvin Chan,"Demonstrators, police prepare for another weekend of protests in Hong Kong - Global News","Demonstrators, police prepare for another weekend of protests in Hong Kong Global News China is 'more and more free,’ some mainland Chinese say, as they call Hong Kong demonstrators ‘brainwashed’ The Globe and Mail Hong Kong protesters pray, gird for unauthor…",http://globalnews.ca/news/6054052/hongk-kong-unauthorized-rally/,https://shawglobalnews.files.wordpress.com/2019/10/800-9.jpeg?quality=70&strip=all&w=720&h=379&crop=1,2019-10-19T12:09:31Z,"Hong Kong anti-government protesters are set for another weekend of civil disobedience as they prepare to hold an unauthorized protest march to press their demands.
Supporters held a prayer rally on Saturday night to call for international help for their cau… [+3566 chars]"
57,"{'id': None, 'name': 'Abs-cbn.com'}",Kyodo News,Taiwan joins global protest in support of Hong Kong - ABS-CBN News,Taiwan joins global protest in support of Hong Kong ABS-CBN News Hong Kong protesters march in defiance ahead of National Day INQUIRER.net Hong Kong police fire tear gas at protesters in shopping district Rappler The Making of a Chinese Patriot The New York T…,https://news.abs-cbn.com/overseas/09/30/19/taiwan-joins-global-protest-in-support-of-hong-kong,https://sa.kapamilya.com/absnews/abscbnnews/media/2019/afp/09/29/taiwan.jpg,2019-09-29T16:24:00Z,"TAIPEI - Tens of thousands of people took to the streets of Taipei and four other major Taiwanese cities on Sunday as part of a global ""anti-totalitarianism rally"" in support of Hong Kong protesters who have been demanding greater democracy for the last four … [+3279 chars]"
58,"{'id': 'reuters', 'name': 'Reuters'}",Reuters Editorial,Factbox: What's next for Hong Kong's protest movement,"Global media coverage of petrol bombs, tear gas and street clashes in Hong Kong days before China wants to celebrate the 70th anniversary of the founding of the People's Republic presents Beijing with a major public relations challenge.",https://www.reuters.com/article/us-hongkong-protests-keydates-idUSKBN1WC0Q4,https://s4.reutersmedia.net/resources_v2/images/rcom-default.png,2019-09-27T07:56:55Z,"(Reuters) - Global media coverage of petrol bombs, tear gas and street clashes in Hong Kong days before China wants to celebrate the 70th anniversary of the founding of the People’s Republic presents Beijing with a major public relations challenge. 
Millions… [+4587 chars]"
59,"{'id': 'the-new-york-times', 'name': 'The New York Times'}",Keith Bradsher and Daniel Victor,Hong Kong Leader Invokes Emergency Powers to Ban Masks During Protests,"The chief executive used her emergency powers to bypass the legislature, a step long feared by opposition lawmakers and some observers.",https://www.nytimes.com/2019/10/04/world/asia/hong-kong-emergency-powers.html,https://static01.nyt.com/images/2019/10/04/world/04hk-emergency-1/04hk-emergency-1-facebookJumbo.jpg,2019-10-04T06:17:42Z,"But while the government was deeply split on the issue through Tuesday, the escalation of violence on Tuesday night, including the first police shooting of a protester, left the authorities reconsidering every option, Mr. Tsang said.
It appears we need more … [+1843 chars]"
60,"{'id': 'reuters', 'name': 'Reuters'}",Reuters Editorial,Hong Kong police and protesters exchange tear gas and petrol bombs,Hong Kong police fired tear gas at protesters throwing petrol bombs on Sunday as thousands staged an illegal march through the Kowloon district that will test the strength of the pro-democracy campaign after four months of unrest.,https://www.reuters.com/article/us-hongkong-protest-teargas-idUSKBN1WZ05V,https://s3.reutersmedia.net/resources/r/?m=02&d=20191020&t=2&i=1442935292&w=1200&r=LYNXMPEF9J06P,2019-10-20T08:17:57Z,"HONG KONG (Reuters) - Hong Kong police fired tear gas at protesters throwing petrol bombs on Sunday as thousands staged an illegal march through the Kowloon district that will test the strength of the pro-democracy campaign after four months of unrest. 
Poli… [+1046 chars]"
61,"{'id': 'business-insider', 'name': 'Business Insider'}","feedback@businessinsider.com (Rosie Perper), Rosie Perper",Hong Kong police claim without providing evidence that hardcore groups of protesters have called for 'murdering' police,"Screenshot/Hong Kong Police Hong Kong police warned that planned protests on Tuesday would bring ""extreme danger"" to the city. China on Tuesday is marking the 70th anniversary of the Communist Party, and activists have called for marches across the city in pr…",https://www.businessinsider.com/hong-kong-police-claim-national-day-protests-very-dangerous-2019-10,https://image.businessinsider.com/5d92b7862e22af54ac364b78?width=1200&format=jpeg,2019-10-01T06:20:00Z,"Hong Kong police on Monday warned that planned protests in the city were expected to be ""very, very dangerous"" and claimed that hardline protesters had called on people to murder police and set fire to gas stations. 
Hong Kong is bracing for more protests on… [+3330 chars]"
62,"{'id': 'reuters', 'name': 'Reuters'}",Reuters Editorial,Hong Kong pro-democracy activists hoist 'Lady Liberty' statue above city to rally protests,"Hong Kong protesters scaled the city's Lion Rock peak and hoisted a large statue they called ""Lady Liberty"" early on Sunday to rally anti-government activists ahead of more planned demonstrations in the Asian financial hub.",https://www.reuters.com/article/us-hongkong-protests-idUSKBN1WS026,https://s2.reutersmedia.net/resources/r/?m=02&d=20191013&t=2&i=1440239875&w=1200&r=LYNXMPEF9C03F,2019-10-13T02:56:56Z,"HONG KONG (Reuters) - Hong Kong protesters scaled the city’s Lion Rock peak and hoisted a large statue they called “Lady Liberty” early on Sunday to rally anti-government activists ahead of more planned demonstrations in the Asian financial hub. 
The three-m… [+3567 chars]"
63,"{'id': None, 'name': 'Cnet.com'}",Carrie Mihalcik,Apple pulls HKmap.live app used in Hong Kong protests - CNET,The move comes after pressure from China.,https://www.cnet.com/news/apple-pulls-hkmap-live-app-used-in-hong-kong-protests/,https://cnet1.cbsistatic.com/img/pMEceH6f7T-aYxa8JM3lzYdN9GA=/756x567/2019/10/10/60ec65e5-4cab-4cb0-b583-88e7872297eb/hong-kong-protest-gettyimages-1174669385.jpg,2019-10-10T12:58:10Z,"Anti-government demonstrators in Hong Kong. 
Vernon Yuen/NurPhoto via Getty Images
Apple has removed HKmap.live, a mapping app that crowdsources the location of police and protestors in Hong Kong, from the App Store, saying it violated the store's guideline… [+870 chars]"
64,"{'id': 'reuters', 'name': 'Reuters'}",Reuters Editorial,Hong Kong set for more subdued weekend of protests,"Hong Kong is gearing up for what is expected to be a relatively quiet weekend of protests, although there is no sign that anti-government activists are backing down on their calls for greater democracy and other demands.",https://www.reuters.com/article/us-hongkong-protests-idUSKBN1X4099,https://s2.reutersmedia.net/resources/r/?m=02&d=20191025&t=2&i=1444714835&w=1200&r=LYNXMPEF9O05C,2019-10-25T02:55:34Z,"HONG KONG (Reuters) - Hong Kong is gearing up for what is expected to be a relatively quiet weekend of protests, although there is no sign that anti-government activists are backing down on their calls for greater democracy and other demands. 
Hundreds of Ho… [+2051 chars]"
65,"{'id': 'reuters', 'name': 'Reuters'}",Stephen Nellis,Apple removes police-tracking app used in Hong Kong protests from its app store,"Apple Inc on Wednesday removed an app that protestors in Hong Kong have used to track police movements, saying the app violated its rules because it was used to ambush police and by criminals who used it to victimize residents in areas with no law enforcement.",https://www.reuters.com/article/us-hongkong-protests-apple-idUSKBN1WP09U,https://s3.reutersmedia.net/resources/r/?m=02&d=20191010&t=2&i=1439091964&w=1200&r=LYNXMPEF9904M,2019-10-10T03:29:58Z,"SAN FRANCISCO (Reuters) - Apple Inc on Wednesday removed an app that protestors in Hong Kong have used to track police movements, saying the app violated its rules because it was used to ambush police and by criminals who used it to victimize residents in are… [+1365 chars]"
66,"{'id': 'reuters', 'name': 'Reuters'}",Reuters Editorial,Hong Kong journalist hit by petrol bomb recovering in hospital,A journalist working with Hong Kong's public broadcaster was recovering in hospital on Monday after he was hit by a petrol bomb during weekend protests in the city.,https://www.reuters.com/article/us-hongkong-protests-molotovcocktail-idUSKBN1WM0BU,https://s4.reutersmedia.net/resources_v2/images/rcom-default.png,2019-10-07T05:31:48Z,"HONG KONG (Reuters) - A journalist working with Hong Kong’s public broadcaster was recovering in hospital on Monday after he was hit by a petrol bomb during weekend protests in the city. 
Flames briefly flared around the man’s head and neck as his helmet and… [+1036 chars]"
67,"{'id': None, 'name': 'Manilatimes.net'}",,Travel to Hong Kong still safe - Locsin - The Manila Times,Hong Kong police stand off with protesters during a demonstration in the Sham Shui Po area. AFP PHOTO,https://www.manilatimes.net/2019/10/06/news/latest-news/travel-to-hong-kong-still-safe-locsin/627441/,https://s14255.pcdn.co/wp-content/uploads/2019/10/HK2.jpg,2019-10-06T07:39:10Z,"Hong Kong police stand off with protesters during a demonstration in the Sham Shui Po area. AFP PHOTO
Protesters stand off with police during a demonstration in the Sham Shui Po area in Hong Kong on October 1, 2019, as the city observes the National Day holi… [+1663 chars]"
68,"{'id': 'reuters', 'name': 'Reuters'}",Reuters Editorial,Hong Kong bans protesters from police housing areas amid escalating violence,A Hong Kong court has granted an injunction to ban anyone from blocking or damaging areas used to house married police officers and other disciplined services that have been targeted in more than four months of anti-government protests.,https://www.reuters.com/article/us-hongkong-protests-idUSKBN1WU03S,https://s2.reutersmedia.net/resources/r/?m=02&d=20191015&t=2&i=1440923240&w=1200&r=LYNXMPEF9E02B,2019-10-15T01:42:25Z,HONG KONG (Reuters) - A Hong Kong court has granted an injunction to ban anyone from blocking or damaging areas used to house married police officers and other disciplined services that have been targeted in more than four months of anti-government protests. … [+1903 chars]
69,"{'id': None, 'name': 'Youtube.com'}",,"Rally in Hong Kong calls for international support, teenager stabbed in Tai Po - South China Morning Post","Rally in Hong Kong calls for international support, teenager stabbed in Tai Po South China Morning Post Hong Kong's leader backs police use of force as protesters plan 'illegal' march ABS-CBN News Hong Kong protests: bring back app or risk 'complicity' in rep…",https://www.youtube.com/watch?v=JA-ZH_aASC8,https://i.ytimg.com/vi/JA-ZH_aASC8/maxresdefault.jpg,2019-10-19T16:17:21Z,"Subscribe to our YouTube channel for free here: https://sc.mp/subscribe-youtube
As the city entered its 20th consecutive weekend of anti-government protests, triggered by the now-abandoned extradition bill,more than a thousand people gathered in Central, Hon… [+358 chars]"
70,"{'id': None, 'name': 'Ctvnews.ca'}",Eileen Ng and John Leicester,Police shoot protester in Hong Kong day of rage - CTV News,Police shoot protester in Hong Kong day of rage CTV News A staggering display of new weaponry to mark China’s 70th anniversary National Post Hong Kong protester shot in clash with police as China's Communist Party marks 70th anniversary CBC.ca I’m a Canadian …,https://www.ctvnews.ca/world/hong-kong-protester-shot-as-china-marks-its-70th-anniversary-1.4618170,https://www.ctvnews.ca/polopoly_fs/1.4618257.1569926784!/httpImage/image.jpg_gen/derivatives/landscape_620/image.jpg,2019-10-01T14:56:00Z,"HONG KONG -- In a fearsome escalation of violence, Hong Kong police shot a protester in the chest at close range Tuesday, leaving the teenager bleeding and howling on the ground. Tens of thousands joined anti-government demonstrations that spread across the s… [+6016 chars]"
71,"{'id': 'reuters', 'name': 'Reuters'}",Reuters Editorial,Hong Kong police fire tear gas hours after government imposes emergency laws,"Hong Kong police fired tear gas to disperse protesters in the New Territories district of Sha Tin on Friday, hours after the government imposed emergency laws designed to quell violent unrest that has roiled the city for four months.",https://www.reuters.com/article/us-hongkong-protests-teargas-idUSKBN1WJ1NU,https://s4.reutersmedia.net/resources_v2/images/rcom-default.png,2019-10-04T14:06:43Z,"(Reuters) - Hong Kong police fired tear gas to disperse protesters in the New Territories district of Sha Tin on Friday, hours after the government imposed emergency laws designed to quell violent unrest that has roiled the city for four months. 
Hong Kong’s… [+295 chars]"
72,"{'id': 'reuters', 'name': 'Reuters'}",Reuters Editorial,Hong Kong police relaxed guidelines for using force in protests: documents,"Hong Kong police loosened guidelines on the use of force officers should use in the run-up to demonstrations on Oct. 1, giving them greater power to deal with protesters in difficult situations, according to documents seen by Reuters.",https://www.reuters.com/article/us-hongkong-protests-police-idUSKBN1WI0TX,https://s1.reutersmedia.net/resources/r/?m=02&d=20191003&t=2&i=1436582936&w=1200&r=LYNXMPEF920N2,2019-10-03T09:22:50Z,"HONG KONG (Reuters) - Hong Kong police loosened guidelines on the use of force officers should use in the run-up to demonstrations on Oct. 1, giving them greater power to deal with protesters in difficult situations, according to documents seen by Reuters. 
… [+272 chars]"
73,"{'id': None, 'name': 'Npr.org'}",Julie McCarthy,Hong Kong Braces For Massive Weekend Protests,Saturday marks five years since the pro-democracy Umbrella Movement formed calling for transparent elections. It comes ahead of the 70 th anniversary of the People's Republic of China on Tuesday.,https://www.npr.org/2019/09/27/765016873/hong-kong-braces-for-massive-weekend-protests,https://media.npr.org/assets/img/2019/09/27/gettyimages-1171364504_wide-0eff51eaa97210a1f35386d49492b15c668c1b84.jpg?s=1400,2019-09-27T16:22:13Z,"Protesters flashing their smartphones lights as they stage a rally at Edinburgh Place in Hong Kong, Friday.
Vincent Thian/AP
Hong Kong is bracing for more rallies and unrest this weekend as two important anniversaries loom, sparking fears that anti-governme… [+3911 chars]"
74,"{'id': 'reuters', 'name': 'Reuters'}",Donny Kwok,Protests split Hong Kong entertainment world; many keep silent,"The anti-government protests that have roiled Hong Kong for four months have also split the city's influential entertainment community, with stars who weigh in doing so at the risk of alienating fans on either side of the often-bitter divide.",https://www.reuters.com/article/us-hongkong-protests-entertainment-idUSKBN1WD05T,https://s4.reutersmedia.net/resources_v2/images/rcom-default.png,2019-09-28T07:24:47Z,"HONG KONG (Reuters) - The anti-government protests that have roiled Hong Kong for four months have also split the city’s influential entertainment community, with stars who weigh in doing so at the risk of alienating fans on either side of the often-bitter di… [+2682 chars]"
75,"{'id': 'reuters', 'name': 'Reuters'}",Jessie Pang,Hong Kong protesters gear up at 'National Calamity Hardware Store',"While months of anti-government protests have taken a toll on Hong Kong businesses, from luxury retailers to hotels and restaurants, Keita Lee's pop-up stall is thriving.",https://www.reuters.com/article/us-hongkong-protests-hardware-shop-idUSKBN1WQ09J,https://s3.reutersmedia.net/resources/r/?m=02&d=20191011&t=2&i=1439540273&w=1200&r=LYNXMPEF9A087,2019-10-11T04:09:12Z,"HONG KONG (Reuters) - While months of anti-government protests have taken a toll on Hong Kong businesses, from luxury retailers to hotels and restaurants, Keita Lee’s pop-up stall is thriving. 
Since demonstrations escalated in mid-June, Lee, 33, has been ru… [+3541 chars]"
76,"{'id': None, 'name': 'Globalnews.ca'}",,Hong Kong leader Lam criticized in first town hall with protesters - Global News,"Hong Kong leader Lam criticized in first town hall with protesters Global News Hong Kong braces for another weekend of protests despite leader's public meeting CBC News Five Years On, Hong Kong Activist Joshua Wong Speaks to TIME About the Umbrella Revolution…",https://globalnews.ca/news/5958830/hong-kong-protest-town-hall/,https://shawglobalnews.files.wordpress.com/2019/09/21831857.jpg?quality=70&strip=all&w=720&h=379&crop=1,2019-09-27T03:08:00Z,"Hong Kong leader Carrie Lam came under a barrage of criticism at a town hall session Thursday, with citizens accusing her government of turning a deaf ear to months of protests calling for democratic reforms in the semi-autonomous Chinese territory.
READ MOR… [+4384 chars]"
77,"{'id': None, 'name': 'Ctvnews.ca'}",John Leicester and Eileen Ng,Hong Kong's leader says mask ban necessary to quell violence - CTV News,Hong Kong's leader says mask ban necessary to quell violence CTV News Teen shot as Hong Kong protesters unleash anger over ban on face masks CBC.ca Law banning protesters from wearing masks stirs new unrest in Hong Kong Global News After a Hong Kong protester…,https://www.ctvnews.ca/world/hong-kong-s-leader-says-mask-ban-necessary-to-quell-violence-1.4623740,https://www.ctvnews.ca/polopoly_fs/1.4623741.1570169903!/httpImage/image.jpg_gen/derivatives/landscape_620/image.jpg,2019-10-04T22:00:00Z,"Hong Kong's embattled leader insisted a new measure banning masks at rallies was not a move toward authoritarian rule or at the behest of the Chinese government, which signalled its approval shortly after she implemented the toughened response to quell four m… [+5626 chars]"
78,"{'id': 'reuters', 'name': 'Reuters'}",Reuters Editorial,U.S. lawmakers urge Apple to restore HKMap app used in Hong Kong: letter,"A bipartisan group of seven U.S. lawmakers including Senators Ted Cruz, Ron Wyden and Marco Rubio and Representative Alexandria Ocasio-Cortez on Friday urged Apple Inc chief executive Tim Cook to restore the HKMap app used in Hong Kong.",https://www.reuters.com/article/us-hongkong-protests-apple-idUSKBN1WX2EN,https://s4.reutersmedia.net/resources/r/?m=02&d=20191018&t=2&i=1442401692&w=1200&r=LYNXMPEF9H1VS,2019-10-18T18:49:38Z,"WASHINGTON (Reuters) - A bipartisan group of seven U.S. lawmakers including Senators Ted Cruz, Ron Wyden and Marco Rubio and Representative Alexandria Ocasio-Cortez on Friday urged Apple Inc (AAPL.O) chief executive Tim Cook to restore the HKMap app used in H… [+449 chars]"
79,"{'id': 'reuters', 'name': 'Reuters'}",Reuters Editorial,Factbox: Global firms take action after China criticism over Hong Kong protests,Global companies and brands are walking a tightrope in China as they weigh the risks of angering consumers in the world's most populous country over protests in Hong Kong.,https://www.reuters.com/article/us-hongkong-protests-factbox-idUSKBN1WP2EW,https://s1.reutersmedia.net/resources/r/?m=02&d=20191010&t=2&i=1439329519&w=1200&r=LYNXMPEF991O1,2019-10-10T16:13:42Z,"(Reuters) - Global companies and brands are walking a tightrope in China as they weigh the risks of angering consumers in the world’s most populous country over protests in Hong Kong. 
Apple on Thursday was the latest company to face criticism over an app th… [+2786 chars]"
80,"{'id': None, 'name': 'Gizmodo.com'}",Victoria Song,Chinese Citizens Will Have to Scan Their Faces to Get Internet Access and New Phone Numbers,"Starting December 1, Chinese citizens will have to allow telecommunications carriers to scan their faces when signing up for internet access or to get a new phone number. Read more...",https://gizmodo.com/chinese-citizens-will-have-to-scan-their-faces-to-get-i-1838936778,"https://i.kinja-img.com/gawker-media/image/upload/c_fill,f_auto,fl_progressive,g_center,h_675,pg_1,q_80,w_1200/sl3zec7pmmvra5eauwie.jpg",2019-10-10T16:40:00Z,"Starting December 1, Chinese citizens will have to allow telecommunications carriers to scan their faces when signing up for internet accessor to get a new phone number. 
The new rule was announced by Chinas Ministry of Industry and Information Technology (M… [+2453 chars]"
81,"{'id': 'reuters', 'name': 'Reuters'}",Reuters Editorial,Hong Kong gears up for pro-democracy rally after latest weekend of unrest,"Hong Kong pro-democracy activists plan a rally on Monday evening after another weekend of unrest that saw protesters hurl petrol bombs and police reply with tear gas and rubber bullets, as violence in the Chinese-ruled city shows no signs of letting up.",https://www.reuters.com/article/us-hongkong-protests-idUSKBN1WT039,https://s2.reutersmedia.net/resources/r/?m=02&d=20191014&t=2&i=1440555507&w=1200&r=LYNXMPEF9D02H,2019-10-14T02:06:54Z,"HONG KONG (Reuters) - Hong Kong pro-democracy activists plan a rally on Monday evening after another weekend of unrest that saw protesters hurl petrol bombs and police reply with tear gas and rubber bullets, as violence in the Chinese-ruled city shows no sign… [+2514 chars]"
82,"{'id': 'reuters', 'name': 'Reuters'}",Reuters Editorial,"China criticizes EU, French 'hypocritical' reaction to Hong Kong protests",China's embassy in Paris on Monday strongly criticized French and European reaction to protests in Hong Kong calling it hypocritical and telling France to show empathy after it experienced its own violent demonstrations.,https://www.reuters.com/article/us-hongkong-protests-france-idUSKBN1WM13G,https://s4.reutersmedia.net/resources_v2/images/rcom-default.png,2019-10-07T10:44:32Z,"PARIS (Reuters) - China’s embassy in Paris on Monday strongly criticized French and European reaction to protests in Hong Kong calling it hypocritical and telling France to show empathy after it experienced its own violent demonstrations. 
“We express our de… [+1703 chars]"
83,"{'id': 'reuters', 'name': 'Reuters'}",Reuters Editorial,Hong Kong set to ban face masks in bid to curb violence: media,"Hong Kong is set to enact an emergency law to ban face masks at rallies, media reported on Thursday, as authorities grapple with nearly four months of anti-government protests.",https://www.reuters.com/article/us-hongkong-protests-masks-idUSKBN1WI0M4,https://s2.reutersmedia.net/resources/r/?m=02&d=20191003&t=2&i=1436555624&w=1200&r=LYNXMPEF920HD,2019-10-03T07:56:10Z,"HONG KONG (Reuters) - Hong Kong is set to enact an emergency law to ban face masks at rallies, media reported on Thursday, as authorities grapple with nearly four months of anti-government protests. 
Many demonstrators wear face masks to hide their identitie… [+818 chars]"
84,"{'id': 'reuters', 'name': 'Reuters'}",Elizabeth Culliford,Google pulls Hong Kong protester role-playing app,"Alphabet Inc's Google has suspended a role-playing app associated with the Hong Kong protests due to a policy that prohibits developers capitalizing on ongoing conflicts, the company said on Thursday.",https://www.reuters.com/article/us-hongkong-protests-google-idUSKBN1WP2E6,https://s1.reutersmedia.net/resources/r/?m=02&d=20191010&t=2&i=1439326826&w=1200&r=LYNXMPEF991N1,2019-10-10T15:56:39Z,"LONDON (Reuters) - Alphabet Inc’s Google has suspended a role-playing app associated with the Hong Kong protests due to a policy that prohibits developers capitalizing on ongoing conflicts, the company said on Thursday. 
A Google spokesman said that “The Rev… [+674 chars]"
85,"{'id': None, 'name': 'Npr.org'}",Julie McCarthy,Hong Kong Protests: Chaotic Scenes Unfold In Streets Ahead Of China's National Day,Protesters rained down bricks and Molotov cocktails on government buildings and riot police deployed tear gas in some of the most forceful police responses since protests began in early June.,https://www.npr.org/2019/09/29/765517895/hong-kong-protests-chaotic-scenes-unfold-in-streets-ahead-of-chinas-national-day,https://media.npr.org/assets/img/2019/09/29/ap_192723687267861_wide-ec0552d16a5341393755c57b75582e347ef6e373.jpg?s=1400,2019-09-29T19:23:42Z,"Riot police arrive after protestors vandalize in Hong Kong on Sunday. Riot police fired tear gas Sunday after a large crowd of protesters at a Hong Kong shopping district ignored warnings to disperse in a second straight day of clashes, sparking fears of more… [+4284 chars]"
86,"{'id': 'reuters', 'name': 'Reuters'}",Sarah Wu,"Apology accepted, Hong Kong's Muslims lament water cannon staining mosque","Municipal workers scrubbed away noxious blue dye from the steps of Hong Kong's biggest mosque on Monday, while Muslim worshippers expressed frustration over police firing a water cannon outside the mosque during a large anti-government march.",https://www.reuters.com/article/us-hongkong-protests-mosque-idUSKBN1X0116,https://s2.reutersmedia.net/resources/r/?m=02&d=20191021&t=2&i=1443307720&w=1200&r=LYNXMPEF9K0NI,2019-10-21T10:36:22Z,"HONG KONG (Reuters) - Municipal workers scrubbed away noxious blue dye from the steps of Hong Kong’s biggest mosque on Monday, while Muslim worshippers expressed frustration over police firing a water cannon outside the mosque during a large anti-government m… [+2868 chars]"
87,"{'id': 'the-globe-and-mail', 'name': 'The Globe And Mail'}",,Protester shot by police in escalating Hong Kong clashes - The Globe and Mail,Protester shot by police in escalating Hong Kong clashes The Globe and Mail A staggering display of new weaponry to mark China’s 70th anniversary National Post Hong Kong protester shot in clash with police as China's Communist Party marks 70th anniversary CBC…,https://www.theglobeandmail.com/world/article-protester-shot-in-escalating-hong-kong-clashes/,https://www.theglobeandmail.com/resizer/mzxTGVzWj5kICN6ABtLZx6JA5Qk=/1200x0/filters:quality(80)/arc-anglerfish-tgam-prod-tgam.s3.amazonaws.com/public/U4XBV63UQ5DWLO3QRSTNCRVHBU.JPG,2019-10-01T13:18:45Z,"Protesters clash with police in Hong Kong, on Oct. 1, 2019.
LAM YIK FEI/The New York Times
Some of the worst clashes in a summer of protest bloodied the streets of Hong Kong Tuesday, with demonstrators attacking police, who then shot one protester with live… [+7029 chars]"
88,"{'id': None, 'name': 'Youtube.com'}",,Hong Kong protester shot in the chest by police during clashes - Al Jazeera English,"A Hong Kong pro-democracy protester has been shot in the chest after a police officer opened fire during clashes on Tuesday, as China celebrated the 70th ann...",https://www.youtube.com/watch?v=CTnLrRb58uA,https://i.ytimg.com/vi/CTnLrRb58uA/maxresdefault.jpg,2019-10-01T17:46:38Z,"A Hong Kong pro-democracy protester has been shot in the chest after a police officer opened fire during clashes on Tuesday, as China celebrated the 70th anniversary of the communist-led government in Beijing.The incident was the first time a protester has be… [+743 chars]"
89,"{'id': 'reuters', 'name': 'Reuters'}",Reuters Editorial,One person in critical condition as HK protests escalate: hospital authority,"Fifteen people were wounded on Tuesday after a day of running clashes between police and protesters, with one person in critical condition, Hong Kong's Hospital Authority said.",https://www.reuters.com/article/us-china-anniversary-clashes-idUSKBN1WG3LU,https://s4.reutersmedia.net/resources_v2/images/rcom-default.png,2019-10-01T10:30:27Z,"HONG KONG (Reuters) - Fifteen people were wounded on Tuesday after a day of running clashes between police and protesters, with one person in critical condition, Hong Kong’s Hospital Authority said. 
The South China Morning Post and television reports said a… [+396 chars]"
90,"{'id': None, 'name': 'Globalnews.ca'}",Eileen Ng and John Leicester,Hong Kong protester shot with live round as protests descend into chaos - Global News,Hong Kong protester shot with live round as protests descend into chaos Global News A staggering display of new weaponry to mark China’s 70th anniversary National Post Hong Kong police slammed as 'trigger-happy' after protester shot with live round Global New…,http://globalnews.ca/news/5973521/hong-kong-protests-live-rounds/,https://shawglobalnews.files.wordpress.com/2019/10/1000-1.jpeg?quality=70&strip=all&w=720&h=379&crop=1,2019-10-02T05:59:00Z,"In a fearsome escalation of violence, Hong Kong police shot a protester in the chest at close range Tuesday, leaving the teenager bleeding and howling on the ground. Tens of thousands joined anti-government demonstrations that spread across the semi-autonomou… [+6876 chars]"
91,"{'id': 'reuters', 'name': 'Reuters'}",Reuters Editorial,Hong Kong's leader backs police use of force as protesters plan 'illegal' march,"Hong Kong leader Carrie Lam took to the airwaves on Saturday to back the use of force by police ahead of a major anti-government march planned this weekend in the Chinese-ruled city, which has been battered by months of violent protests.",https://www.reuters.com/article/us-hongkong-protests-idUSKBN1WY029,https://s4.reutersmedia.net/resources/r/?m=02&d=20191019&t=2&i=1442524237&w=1200&r=LYNXMPEF9I029,2019-10-19T02:51:09Z,"HONG KONG (Reuters) - Hong Kong leader Carrie Lam took to the airwaves on Saturday to back the use of force by police ahead of a major anti-government march planned this weekend in the Chinese-ruled city, which has been battered by months of violent protests.… [+3197 chars]"
92,"{'id': 'the-wall-street-journal', 'name': 'The Wall Street Journal'}","Natasha Khan, Joyu Wang",Street Battles Break Out After Hong Kong Bans Masks at Protests - The Wall Street Journal,Street Battles Break Out After Hong Kong Bans Masks at Protests The Wall Street Journal Hong Kong protesters banned from wearing masks under emergency law CBS This Morning Hong Kong Banned Masks at Protests. Masked Crowds Protested the Ban. The New York Times…,https://www.wsj.com/articles/hong-kong-says-up-to-a-year-in-jail-for-wearing-mask-at-public-gathering-11570174707,https://images.wsj.net/im-113863/social,2019-10-04T16:26:00Z,"HONG KONGStreet battles raged across Hong Kong and the citys subway operator suspended its entire network late Friday after Chief Executive 
Carrie Lam
invoked emergency measures and banned people wearing masks in an effort to quell monthslong protests. The… [+7672 chars]"
93,"{'id': 'reuters', 'name': 'Reuters'}",Reuters Editorial,Dramatic footage captures moment when Hong Kong protester shot,"Amateur video of violent demonstrations in Hong Kong on Tuesday captures the moment when a policeman points a pistol at a black-clad protester and fires a round, after which the young man falls to the floor.",https://www.reuters.com/article/us-china-anniversary-hongkong-shooting-idUSKBN1WG46G,https://s4.reutersmedia.net/resources_v2/images/rcom-default.png,2019-10-01T14:47:16Z,"HONG KONG (Reuters) - Amateur video of violent demonstrations in Hong Kong on Tuesday captures the moment when a policeman points a pistol at a black-clad protester and fires a round, after which the young man falls to the floor. 
The footage, taken by stude… [+1761 chars]"
94,"{'id': None, 'name': 'Ctvnews.ca'}",John Leicester and Eileen Ng,Hong Kong 'semi-paralyzed' as ban-defying marches persist - CTV News,Hong Kong 'semi-paralyzed' as ban-defying marches persist CTV News Hong Kong protests continue in defiance of face mask ban | LIVE Global News ‘Semi-paralyzed’: Hong Kong protesters rally against mask ban amid subway shutdown Global News After a Hong Kong pro…,https://www.ctvnews.ca/world/hong-kong-semi-paralyzed-as-ban-defying-marches-persist-1.4625523,https://www.ctvnews.ca/polopoly_fs/1.4625524.1570275304!/httpImage/image.jpg_gen/derivatives/landscape_620/image.jpg,2019-10-05T11:35:00Z,"HONG KONG -- With subway services shut down, the wearing of face masks criminalized at rallies and Hong Kong's leader reaffirming her determination not to let rioters get the upper hand, anti-government protests that have shaken the city diminished in intensi… [+5184 chars]"
95,"{'id': 'reuters', 'name': 'Reuters'}",Reuters Editorial,"Hong Kong protesters intend to topple city's government, says Singapore PM","Hong Kong protesters demanding universal suffrage and an amnesty for those charged with rioting are trying to humiliate and bring down the Chinese-ruled city's government, Singapore Prime Minister Lee Hsien Loong said on Wednesday.",https://www.reuters.com/article/us-hongkong-protests-singapore-idUSKBN1WV1Z7,https://s2.reutersmedia.net/resources/r/?m=02&d=20191016&t=2&i=1441516677&w=1200&r=LYNXMPEF9F1E3,2019-10-16T14:57:44Z,"SINGAPORE (Reuters) - Hong Kong protesters demanding universal suffrage and an amnesty for those charged with rioting are trying to humiliate and bring down the Chinese-ruled city’s government, Singapore Prime Minister Lee Hsien Loong said on Wednesday. 
In … [+2130 chars]"
96,"{'id': 'reuters', 'name': 'Reuters'}",Reuters Editorial,Hong Kong set to discuss emergency laws as further protests planned,"Hong Kong's government is expected to discuss sweeping emergency laws on Friday that would include banning face masks at protests, two sources told Reuters, an unprecedented move to ease months of violent unrest in the Chinese-ruled city.",https://www.reuters.com/article/us-hongkong-protests-idUSKBN1WJ05T,https://s2.reutersmedia.net/resources/r/?m=02&d=20191004&t=2&i=1436860741&w=1200&r=LYNXMPEF9303E,2019-10-04T02:03:42Z,"HONG KONG (Reuters) - Hong Kong’s government is expected to discuss sweeping emergency laws on Friday that would include banning face masks at protests, two sources told Reuters, an unprecedented move to ease months of violent unrest in the Chinese-ruled city… [+2971 chars]"
97,"{'id': 'reuters', 'name': 'Reuters'}",Reuters Editorial,Hong Kong tightens security ahead of planned protest,"Hong Kong tightened security ahead of a planned anti-government march on Sunday afternoon, with some metro services halted and public facilities shuttering as pro-democracy leaders called on citizens to join the protest in spite of the risk of arrest.",https://www.reuters.com/article/us-hongkong-protests-idUSKBN1WZ019,https://s4.reutersmedia.net/resources/r/?m=02&d=20191020&t=2&i=1442853395&w=1200&r=LYNXMPEF9J00Y,2019-10-20T02:12:50Z,"HONG KONG (Reuters) - Hong Kong tightened security ahead of a planned anti-government march on Sunday afternoon, with some metro services halted and public facilities shuttering as pro-democracy leaders called on citizens to join the protest in spite of the r… [+2561 chars]"
98,"{'id': None, 'name': 'Slashdot.org'}",BeauHD,China Attacks Apple For Allowing Hong Kong Crowdsourced Police Activity App,"An anonymous reader quotes a report from TechCrunch: Apple's decision to greenlight an app called HKmaps, which is being used by pro-democracy protestors in Hong Kong to crowdsource information about street closures and police presence, is attracting the ire …",https://apple.slashdot.org/story/19/10/09/2043216/china-attacks-apple-for-allowing-hong-kong-crowdsourced-police-activity-app,https://a.fsdn.com/sd/topics/china_64.png,2019-10-09T22:03:00Z,"Apple's decision to greenlight an app called HKmaps, which is being used by pro-democracy protestors in Hong Kong to crowdsource information about street closures and police presence, is attracting the ire of the Chinese government. An article in Chinese stat… [+979 chars]"
99,"{'id': None, 'name': 'Thestar.com'}",,"‘Do you want to beat me?’ Hong Kong’s increasing tensions will keep spilling onto Metro Vancouver streets, expert says - Toronto Star","‘Do you want to beat me?’ Hong Kong’s increasing tensions will keep spilling onto Metro Vancouver streets, expert says Toronto Star Video captures heated confrontation in Richmond over Hong Kong protests Global News Hong Kong court to hear assault case agains…",https://www.thestar.com/vancouver/2019/10/02/do-you-want-to-beat-me-hong-kongs-increasing-tensions-will-keep-spilling-onto-metro-vancouver-streets-expert-says.html,https://images.thestar.com/FA1NrENp4dsDctDUFzj9WPaA8G4=/1200x739/smart/filters:cb(1570068130367)/https://www.thestar.com/content/dam/thestar/vancouver/2019/10/02/do-you-want-to-beat-me-hong-kongs-increasing-tensions-will-keep-spilling-onto-metro-vancouver-streets-expert-says/lennon_wall_2.jpg,2019-10-03T01:17:59Z,"VANCOUVER—“Do you want to beat me? Come here then,” says one man in a group of young people who were caught on camera tearing down messages in support of Hong Kong protests that were posted outside a shopping mall in Richmond, B.C.
After a heated exchange, a… [+3963 chars]"
