,urlToImage
2,"https://i.kinja-img.com/gawker-media/image/upload/s--CRX0XnoM--/c_fill,fl_progressive,g_center,h_900,q_80,w_1600/hocwjn44lwvgfjhmjsvs.jpg"
7,https://ichef.bbci.co.uk/news/1024/branded_news/81A9/production/_109039133_mediaitem109037228.jpg
12,https://static01.nyt.com/images/2019/10/01/world/01china-hk-1/01china-hk-1-facebookJumbo.jpg
21,https://cdn.cnn.com/cnnnext/dam/assets/191001045845-hong-kong-super-tease.jpg
43,https://s2.reutersmedia.net/resources/r/?m=02&d=20191001&t=2&i=1435892118&w=1200&r=LYNXMPEF902UH
61,https://image.businessinsider.com/5d92b7862e22af54ac364b78?width=1200&format=jpeg
70,https://www.ctvnews.ca/polopoly_fs/1.4618257.1569926784!/httpImage/image.jpg_gen/derivatives/landscape_620/image.jpg
87,https://www.theglobeandmail.com/resizer/mzxTGVzWj5kICN6ABtLZx6JA5Qk=/1200x0/filters:quality(80)/arc-anglerfish-tgam-prod-tgam.s3.amazonaws.com/public/U4XBV63UQ5DWLO3QRSTNCRVHBU.JPG
88,https://i.ytimg.com/vi/CTnLrRb58uA/maxresdefault.jpg
